"025256505","@type","http://purl.org/dc/terms/BibliographicResource"
"025256505","@context","https://resources.swissbib.ch/bibliographicResource/context.jsonld"
"025256505","@id","http://data.swissbib.ch/bibliographicResource/025256505"
"025256505","rdfs:isDefinedBy","http://data.swissbib.ch/bibliographicResource/025256505/about"
"025256505","dct:language","http://lexvo.org/id/iso639-3/swe"
"025256505","rdau:P60163","http://sws.geonames.org/2661886/"
"025256505","dct:contributor","http://data.swissbib.ch/person/67d14043-71b8-3d7c-8bf8-5b820e57f97e"
"025256505","rdau:P60339","Torsten Nilsson"
"025256505","dc:format","1 Partitur"
"025256505","rdau:P60049","http://rdvocab.info/termList/RDAContentType/1010"
"025256505","rdau:P60050","http://rdvocab.info/termList/RDAMediaType/1007"
"025256505","dct:issued","1963"
"025256505","dct:title","Fader, förlåt dem : Evengliemotett på Långfredagen"
"025256513","@type","http://purl.org/dc/terms/BibliographicResource"
"025256513","@context","https://resources.swissbib.ch/bibliographicResource/context.jsonld"
"025256513","@id","http://data.swissbib.ch/bibliographicResource/025256513"
"025256513","rdfs:isDefinedBy","http://data.swissbib.ch/bibliographicResource/025256513/about"
"025256513","dct:language","http://lexvo.org/id/iso639-3/swe"
"025256513","rdau:P60163","http://sws.geonames.org/2661886/"
"025256513","dct:contributor","http://data.swissbib.ch/person/70e896cc-1ac2-31e3-a458-77098275e497"
"025256513","rdau:P60339","Hilding Rosenberg"
"025256513","dc:format","1 Partitur"
"025256513","rdau:P60049","http://rdvocab.info/termList/RDAContentType/1010"
"025256513","rdau:P60050","http://rdvocab.info/termList/RDAMediaType/1007"
"025256513","dct:issued","1949"
"025256513","dct:title","Herren, min Gud, gör mitt mörker ljust : (Psalt. 18:29.36:10)"
"025256521","@type","http://purl.org/dc/terms/BibliographicResource"
"025256521","@context","https://resources.swissbib.ch/bibliographicResource/context.jsonld"
"025256521","@id","http://data.swissbib.ch/bibliographicResource/025256521"
"025256521","rdfs:isDefinedBy","http://data.swissbib.ch/bibliographicResource/025256521/about"
"025256521","dct:language","http://lexvo.org/id/iso639-3/swe"
"025256521","rdau:P60163","http://sws.geonames.org/2661886/"
"025256521","dct:contributor","http://data.swissbib.ch/person/70e896cc-1ac2-31e3-a458-77098275e497"
"025256521","rdau:P60339","Hilding Rosenberg"
"025256521","dc:format","1 Partitur"
"025256521","rdau:P60049","http://rdvocab.info/termList/RDAContentType/1010"
"025256521","rdau:P60050","http://rdvocab.info/termList/RDAMediaType/1007"
"025256521","dct:issued","1950"
"025256521","dct:title","Herre, jag vill tacka dig bland folken : Psalt. 57:10-9 59:17"
"02525653X","@type","http://purl.org/dc/terms/BibliographicResource"
"02525653X","@context","https://resources.swissbib.ch/bibliographicResource/context.jsonld"
"02525653X","@id","http://data.swissbib.ch/bibliographicResource/02525653X"
"02525653X","rdfs:isDefinedBy","http://data.swissbib.ch/bibliographicResource/02525653X/about"
"02525653X","dct:language","http://lexvo.org/id/iso639-3/swe"
"02525653X","rdau:P60163","http://sws.geonames.org/2661886/"
"02525653X","dct:contributor","http://data.swissbib.ch/person/67d14043-71b8-3d7c-8bf8-5b820e57f97e"
"02525653X","rdau:P60339","Torsten Nilsson"
"02525653X","dc:format","1 Partitur"
"02525653X","rdau:P60049","http://rdvocab.info/termList/RDAContentType/1010"
"02525653X","rdau:P60050","http://rdvocab.info/termList/RDAMediaType/1007"
"02525653X","dct:issued","1963"
"02525653X","dct:title","Frid vare med Eder : Evengliemotett på 1:sta Sönd. efter påsk"
"025256548","@type","http://purl.org/dc/terms/BibliographicResource"
"025256548","@context","https://resources.swissbib.ch/bibliographicResource/context.jsonld"
"025256548","@id","http://data.swissbib.ch/bibliographicResource/025256548"
"025256548","rdfs:isDefinedBy","http://data.swissbib.ch/bibliographicResource/025256548/about"
"025256548","dct:language","http://lexvo.org/id/iso639-3/swe"
"025256548","rdau:P60163","http://sws.geonames.org/2661886/"
"025256548","dct:contributor","http://data.swissbib.ch/person/70e896cc-1ac2-31e3-a458-77098275e497"
"025256548","rdau:P60339","Hilding Rosenberg"
"025256548","dc:format","1 Partitur"
"025256548","dct:bibliographicCitation","Svenska tersettbiblioteket ; Nr. 27. "
"025256548","rdau:P60049","http://rdvocab.info/termList/RDAContentType/1010"
"025256548","rdau:P60050","http://rdvocab.info/termList/RDAMediaType/1007"
"025256548","dct:issued","1947"
"025256548","dct:title","Pastoral : ur musiken till Medea av Euripides : trestämmig damkör med pianoackompanjemang"
"025256556","@type","http://purl.org/dc/terms/BibliographicResource"
"025256556","@context","https://resources.swissbib.ch/bibliographicResource/context.jsonld"
"025256556","@id","http://data.swissbib.ch/bibliographicResource/025256556"
"025256556","rdfs:isDefinedBy","http://data.swissbib.ch/bibliographicResource/025256556/about"
"025256556","dct:language","http://lexvo.org/id/iso639-3/swe"
"025256556","rdau:P60163","http://sws.geonames.org/2661886/"
"025256556","dct:contributor","http://data.swissbib.ch/person/70e896cc-1ac2-31e3-a458-77098275e497"
"025256556","rdau:P60339","Hilding Rosenberg"
"025256556","dc:format","1 Partitur"
"025256556","rdau:P60049","http://rdvocab.info/termList/RDAContentType/1010"
"025256556","rdau:P60050","http://rdvocab.info/termList/RDAMediaType/1007"
"025256556","dct:issued","1950"
"025256556","dct:title","Om I vänden om och ären stilla : (Jesaja 30:15)"
"025256580","@type","http://purl.org/dc/terms/BibliographicResource"
"025256580","@context","https://resources.swissbib.ch/bibliographicResource/context.jsonld"
"025256580","@id","http://data.swissbib.ch/bibliographicResource/025256580"
"025256580","rdfs:isDefinedBy","http://data.swissbib.ch/bibliographicResource/025256580/about"
"025256580","dct:language","http://lexvo.org/id/iso639-3/deu"
"025256580","rdau:P60163","http://sws.geonames.org/2921044/"
"025256580","dct:contributor","http://data.swissbib.ch/person/87b12925-c4b5-349e-9887-2b339992e7d4"
"025256580","rdau:P60339","Walter Rein ; nach Dichtungen von Hans Wegmann"
"025256580","dc:format","1 Partitur"
"025256580","dct:bibliographicCitation","Das neue Chorlied"
"025256580","dct:hasPart","Dämmernder Tag. Strahlender Mittag. Des Tages Glut ist ausgetan"
"025256580","dct:contributor","http://data.swissbib.ch/person/a6445138-b4f5-39e1-82f2-9c1ec4260cad"
"025256580","rdau:P60049","http://rdvocab.info/termList/RDAContentType/1010"
"025256580","rdau:P60050","http://rdvocab.info/termList/RDAMediaType/1007"
"025256580","dct:issued","1949"
"025256580","dct:title","Drei Gesänge vom Tage : für vierstimmigen Männerchor"
"025256599","@type","http://purl.org/dc/terms/BibliographicResource"
"025256599","@context","https://resources.swissbib.ch/bibliographicResource/context.jsonld"
"025256599","@id","http://data.swissbib.ch/bibliographicResource/025256599"
"025256599","rdfs:isDefinedBy","http://data.swissbib.ch/bibliographicResource/025256599/about"
"025256599","dct:language","http://lexvo.org/id/iso639-3/deu"
"025256599","rdau:P60163","http://sws.geonames.org/2921044/"
"025256599","dct:contributor","http://data.swissbib.ch/person/6f872d83-5208-37a5-9012-a04af2a978fc"
"025256599","rdau:P60339","F. Mendelssohn"
"025256599","dc:format","1 Klavierauszug"
"025256599","dct:bibliographicCitation","Klassische Chorstücke ; No. 4. "
"025256599","rdau:P60470","Transposition von original D-Dur nach Es-Dur, nur 2. Teil des Satzes"
"025256599","rdau:P60470","Originalbesetzung: Sopran (2), Alt, Chor, Orchester"
"025256599","rdau:P60049","http://rdvocab.info/termList/RDAContentType/1010"
"025256599","rdau:P60050","http://rdvocab.info/termList/RDAMediaType/1007"
"025256599","dct:issued","1900-1999"
"025256599","dct:title","Ein Herz voll Frieden : Terzett mit ein- bis dreistimmigen Chor : für Solostimmen, Frauenchor und Klavierbegleitung : [1854, op. 74, MWV M 16]"
"025256629","@type","http://purl.org/dc/terms/BibliographicResource"
"025256629","@context","https://resources.swissbib.ch/bibliographicResource/context.jsonld"
"025256629","@id","http://data.swissbib.ch/bibliographicResource/025256629"
"025256629","rdfs:isDefinedBy","http://data.swissbib.ch/bibliographicResource/025256629/about"
"025256629","dct:language","http://lexvo.org/id/iso639-3/deu"
"025256629","rdau:P60163","http://sws.geonames.org/2921044/"
"025256629","dct:contributor","http://data.swissbib.ch/person/acbb0f51-142c-3781-926c-4c642aa49e86"
"025256629","rdau:P60339","Ernst Lothar v. Knorr ; nach Gedichten von Josef Weinheber"
"025256629","dc:format","1 Partitur"
"025256629","dct:bibliographicCitation","Das neue Chorlied"
"025256629","dct:hasPart","Vorfrühling. Glocken und Zyanen. Still zu wissen. Die Uhr"
"025256629","dct:contributor","http://data.swissbib.ch/person/d71a3dd2-f622-35d8-93e1-4cbdbcb0e887"
"025256629","rdau:P60049","http://rdvocab.info/termList/RDAContentType/1010"
"025256629","rdau:P60050","http://rdvocab.info/termList/RDAMediaType/1007"
"025256629","dct:issued","1949"
"025256629","dct:title","Vier Gesänge : für vierstimmigen gemischten Chor a cappella"
"02525667X","@type","http://purl.org/dc/terms/BibliographicResource"
"02525667X","@context","https://resources.swissbib.ch/bibliographicResource/context.jsonld"
"02525667X","@id","http://data.swissbib.ch/bibliographicResource/02525667X"
"02525667X","rdfs:isDefinedBy","http://data.swissbib.ch/bibliographicResource/02525667X/about"
"02525667X","dct:language","http://lexvo.org/id/iso639-3/deu"
"02525667X","rdau:P60163","http://sws.geonames.org/2658434/"
"02525667X","dct:contributor","http://data.swissbib.ch/person/5f7d0dff-fd43-3666-a1fc-9654c065b9b5"
"02525667X","rdau:P60339","Albert A. Müller"
"02525667X","dc:format","1 Bd ; fol"
"02525667X","rdau:P60470","[Maschinenschrift]"
"02525667X","work","02525667X"
"02525667X","bf:instanceOf","http://data.swissbib.ch/work/02525667X"
"02525667X","rdau:P60049","http://rdvocab.info/termList/RDAContentType/1020"
"02525667X","rdau:P60050","http://rdvocab.info/termList/RDAMediaType/1007"
"02525667X","rdf:type","http://purl.org/ontology/bibo/Book"
"02525667X","dct:issued","1950"
"02525667X","dct:title","Die Zentralbibliothek Luzern : Organisations-Probleme"
"025256696","@type","http://purl.org/dc/terms/BibliographicResource"
"025256696","@context","https://resources.swissbib.ch/bibliographicResource/context.jsonld"
"025256696","@id","http://data.swissbib.ch/bibliographicResource/025256696"
"025256696","rdfs:isDefinedBy","http://data.swissbib.ch/bibliographicResource/025256696/about"
"025256696","dct:language","http://lexvo.org/id/iso639-3/deu"
"025256696","rdau:P60163","http://sws.geonames.org/2921044/"
"025256696","dct:contributor","http://data.swissbib.ch/person/1293a101-b8fb-31a6-8bf6-c6c167fdac88"
"025256696","rdau:P60339","von Robert Waldhausen"
"025256696","bibo:edition","5., vollständig umgearb. Aufl"
"025256696","dc:format","106 S ; 21 cm"
"025256696","work","025256696"
"025256696","bf:instanceOf","http://data.swissbib.ch/work/025256696"
"025256696","rdau:P60049","http://rdvocab.info/termList/RDAContentType/1020"
"025256696","rdau:P60050","http://rdvocab.info/termList/RDAMediaType/1007"
"025256696","rdf:type","http://purl.org/ontology/bibo/Book"
"025256696","dct:issued","1893"
"025256696","dct:title","Jüdisches Erwerbsleben : Skizzen aus dem sozialen Leben der Gegenwart"
"025256718","@type","http://purl.org/dc/terms/BibliographicResource"
"025256718","@context","https://resources.swissbib.ch/bibliographicResource/context.jsonld"
"025256718","@id","http://data.swissbib.ch/bibliographicResource/025256718"
"025256718","rdfs:isDefinedBy","http://data.swissbib.ch/bibliographicResource/025256718/about"
"025256718","dct:language","http://lexvo.org/id/iso639-3/eng"
"025256718","rdau:P60163","http://sws.geonames.org/2635167/"
"025256718","dct:contributor","http://data.swissbib.ch/person/b8deaa75-2014-3e2a-ac3b-d8995e915de2"
"025256718","rdau:P60339","Zoltán Kodály ; english version by Percy M. Young"
"025256718","dc:format","1 Partitur"
"025256718","rdau:P60049","http://rdvocab.info/termList/RDAContentType/1010"
"025256718","rdau:P60050","http://rdvocab.info/termList/RDAMediaType/1007"
"025256718","dct:issued","1963"
"025256718","dct:title","Communion : anthem : for S. (S.) A. (A.) T. B. unaccompanied"
"025256726","@type","http://purl.org/dc/terms/BibliographicResource"
"025256726","@context","https://resources.swissbib.ch/bibliographicResource/context.jsonld"
"025256726","@id","http://data.swissbib.ch/bibliographicResource/025256726"
"025256726","rdfs:isDefinedBy","http://data.swissbib.ch/bibliographicResource/025256726/about"
"025256726","dct:language","http://lexvo.org/id/iso639-3/eng"
"025256726","rdau:P60163","http://sws.geonames.org/2635167/"
"025256726","dct:contributor","http://data.swissbib.ch/person/c692aaaa-e42c-39ad-878f-806431efb489"
"025256726","rdau:P60339","<by Hendrik Willem Van Loon"
"025256726","dc:format","315 S : Ill., Kt., Titelbild, Textabb ; 22 cm"
"025256726","rdau:P60049","http://rdvocab.info/termList/RDAContentType/1020"
"025256726","rdau:P60050","http://rdvocab.info/termList/RDAMediaType/1007"
"025256726","rdf:type","http://purl.org/ontology/bibo/Book"
"025256726","dct:issued","1952"
"025256726","dct:title","The story of the Pacific"
"025256734","@type","http://purl.org/dc/terms/BibliographicResource"
"025256734","@context","https://resources.swissbib.ch/bibliographicResource/context.jsonld"
"025256734","@id","http://data.swissbib.ch/bibliographicResource/025256734"
"025256734","rdfs:isDefinedBy","http://data.swissbib.ch/bibliographicResource/025256734/about"
"025256734","dct:language","http://lexvo.org/id/iso639-3/fra"
"025256734","rdau:P60163","http://sws.geonames.org/2658434/"
"025256734","dct:contributor","http://data.swissbib.ch/person/902cef49-6747-3f31-94e4-50167ed27ead"
"025256734","rdau:P60339","Claude Goudimel ; mise en partition par Henri Gagnebin ; texte original de Clément Marot"
"025256734","dc:format","1 Partitur"
"025256734","dct:bibliographicCitation","Edition Cantate Domino"
"025256734","dct:contributor","http://data.swissbib.ch/person/281ec947-896c-3bc8-8e9c-8786dd5e2917"
"025256734","dct:contributor","http://data.swissbib.ch/person/911307ba-9f26-3230-9e14-a171665ce889"
"025256734","rdau:P60049","http://rdvocab.info/termList/RDAContentType/1010"
"025256734","rdau:P60050","http://rdvocab.info/termList/RDAMediaType/1007"
"025256734","dct:issued","1900-1999"
"025256734","dct:title","Psaume 1 : Qui au conseil des malins n'a esté = Beatus vir qui non abiit"
"025256742","@type","http://purl.org/dc/terms/BibliographicResource"
"025256742","@context","https://resources.swissbib.ch/bibliographicResource/context.jsonld"
"025256742","@id","http://data.swissbib.ch/bibliographicResource/025256742"
"025256742","rdfs:isDefinedBy","http://data.swissbib.ch/bibliographicResource/025256742/about"
"025256742","dct:language","http://lexvo.org/id/iso639-3/ita"
"025256742","rdau:P60163","http://sws.geonames.org/3175395/"
"025256742","dct:contributor","http://data.swissbib.ch/person/beed6e6e-4a1e-3b6d-9f38-c3f3c235cc8d"
"025256742","rdau:P60339","F.P. Neglia"
"025256742","dc:format","1 Klavierauszug"
"025256742","dct:hasPart","Canzoncina N. 1 per voce con accompagnamento d'organo (od armonio). Canzoncina N. 2 per due voci pari con accompagnamento d'organo (od armonio)"
"025256742","work","02518539X"
"025256742","bf:instanceOf","http://data.swissbib.ch/work/02518539X"
"025256742","rdau:P60049","http://rdvocab.info/termList/RDAContentType/1010"
"025256742","rdau:P60050","http://rdvocab.info/termList/RDAMediaType/1007"
"025256742","dct:issued","1954"
"025256742","dct:title","Duo canzoncine religiose : op. 65 "p" (1916)"
"025256750","@type","http://purl.org/dc/terms/BibliographicResource"
"025256750","@context","https://resources.swissbib.ch/bibliographicResource/context.jsonld"
"025256750","@id","http://data.swissbib.ch/bibliographicResource/025256750"
"025256750","rdfs:isDefinedBy","http://data.swissbib.ch/bibliographicResource/025256750/about"
"025256750","dct:language","http://lexvo.org/id/iso639-3/eng"
"025256750","rdau:P60163","http://sws.geonames.org/6252001/"
"025256750","bibo:isbn13","9780193856967"
"025256750","bibo:isbn10","0193856964"
"025256750","dct:contributor","http://data.swissbib.ch/person/68c291c7-a481-374d-a227-5435900bc0d9"
"025256750","rdau:P60339","R. Vaughan Williams ; accompaniment arr. by John Bavicchi"
"025256750","dc:format","1 Partitur + + 8 Stimmen"
"025256750","rdau:P60470","Originalbesetzung: Chor, Orgel"
"025256750","rdau:P60049","http://rdvocab.info/termList/RDAContentType/1010"
"025256750","rdau:P60050","http://rdvocab.info/termList/RDAMediaType/1007"
"025256750","dct:issued","1984"
"025256750","dct:title","At the name of Jesus : anthem vor mixed choir and congregation : accompanied by brass quintet with optional timpani and organ"
"025256769","@type","http://purl.org/dc/terms/BibliographicResource"
"025256769","@context","https://resources.swissbib.ch/bibliographicResource/context.jsonld"
"025256769","@id","http://data.swissbib.ch/bibliographicResource/025256769"
"025256769","rdfs:isDefinedBy","http://data.swissbib.ch/bibliographicResource/025256769/about"
"025256769","dct:language","http://lexvo.org/id/iso639-3/und"
"025256769","rdau:P60163","http://sws.geonames.org/2921044/"
"025256769","dct:contributor","http://data.swissbib.ch/person/579e5b68-21f8-31f0-a999-e1b390737d26"
"025256769","rdau:P60339","Max Reger ; hrsg. von Egon Voss ; Fingersatz von Helmut Brauss"
"025256769","dc:format","17 S ; 31 cm"
"025256769","rdau:P60470","Urtext"
"025256769","dct:contributor","http://data.swissbib.ch/person/2ff74b7d-0bd2-32c5-844d-26bbb58e8a84"
"025256769","dct:contributor","http://data.swissbib.ch/person/7442f42f-4727-374e-9657-6ee66350e047"
"025256769","work","025256769"
"025256769","bf:instanceOf","http://data.swissbib.ch/work/025256769"
"025256769","rdau:P60049","http://rdvocab.info/termList/RDAContentType/1010"
"025256769","rdau:P60050","http://rdvocab.info/termList/RDAMediaType/1007"
"025256769","dct:issued","2003"
"025256769","dct:title","Fünf Humoresken, op. 20 : Five humoresques, op. 20"
"025256777","@type","http://purl.org/dc/terms/BibliographicResource"
"025256777","@context","https://resources.swissbib.ch/bibliographicResource/context.jsonld"
"025256777","@id","http://data.swissbib.ch/bibliographicResource/025256777"
"025256777","rdfs:isDefinedBy","http://data.swissbib.ch/bibliographicResource/025256777/about"
"025256777","dct:language","http://lexvo.org/id/iso639-3/deu"
"025256777","rdau:P60163","http://sws.geonames.org/2658434/"
"025256777","dct:contributor","http://data.swissbib.ch/person/1d6e8cec-c602-3eae-8d09-ac06b0e888b6"
"025256777","rdau:P60339","Oswald Jaeggi ; nach Texten von Erwin Schneiter"
"025256777","dc:format","1 Partitur"
"025256777","dct:bibliographicCitation","Edition Lucerna"
"025256777","dct:hasPart","Das Spiegelbild. Die Libelle. Kleines Saatgebet. Begegnung. Auf einer Insel. Kleines Gebet. Einsame Nacht. Abend am See. Gepflügte Erde"
"025256777","work","025256777"
"025256777","bf:instanceOf","http://data.swissbib.ch/work/025256777"
"025256777","rdau:P60049","http://rdvocab.info/termList/RDAContentType/1010"
"025256777","rdau:P60050","http://rdvocab.info/termList/RDAMediaType/1007"
"025256777","dct:issued","1900-1999"
"025256777","dct:title","Lieder der Stille : ein Liederzyklus für hohe Stimme (Tenor oder Sopran) und Klavier"
"025256785","@type","http://purl.org/dc/terms/BibliographicResource"
"025256785","@context","https://resources.swissbib.ch/bibliographicResource/context.jsonld"
"025256785","@id","http://data.swissbib.ch/bibliographicResource/025256785"
"025256785","rdfs:isDefinedBy","http://data.swissbib.ch/bibliographicResource/025256785/about"
"025256785","dct:language","http://lexvo.org/id/iso639-3/ita"
"025256785","rdau:P60163","http://sws.geonames.org/2658434/"
"025256785","dct:contributor","http://data.swissbib.ch/person/ab184ae7-44c7-3f13-800f-d45393000afb"
"025256785","rdau:P60339","Hans-Niklas Kuhn"
"025256785","dc:format","1 Partitur"
"025256785","rdau:P60049","http://rdvocab.info/termList/RDAContentType/1010"
"025256785","rdau:P60050","http://rdvocab.info/termList/RDAMediaType/1007"
"025256785","dct:issued","1991"
"025256785","dct:title","Raumfahrt : für Sopran, Klarinette & Harfe : (1991)"
"025256793","@type","http://purl.org/dc/terms/BibliographicResource"
"025256793","@context","https://resources.swissbib.ch/bibliographicResource/context.jsonld"
"025256793","@id","http://data.swissbib.ch/bibliographicResource/025256793"
"025256793","rdfs:isDefinedBy","http://data.swissbib.ch/bibliographicResource/025256793/about"
"025256793","dct:language","http://lexvo.org/id/iso639-3/ita"
"025256793","rdau:P60163","http://sws.geonames.org/2658434/"
"025256793","dct:contributor","http://data.swissbib.ch/person/ab184ae7-44c7-3f13-800f-d45393000afb"
"025256793","rdau:P60339","Hans-Niklas Kuhn"
"025256793","dc:format","1 Partitur"
"025256793","rdau:P60049","http://rdvocab.info/termList/RDAContentType/1010"
"025256793","rdau:P60050","http://rdvocab.info/termList/RDAMediaType/1007"
"025256793","dct:issued","1987"
"025256793","dct:title","Bild : für 6 Instrumente : (1987)"
"025256807","@type","http://purl.org/dc/terms/BibliographicResource"
"025256807","@context","https://resources.swissbib.ch/bibliographicResource/context.jsonld"
"025256807","@id","http://data.swissbib.ch/bibliographicResource/025256807"
"025256807","rdfs:isDefinedBy","http://data.swissbib.ch/bibliographicResource/025256807/about"
"025256807","dct:language","http://lexvo.org/id/iso639-3/ita"
"025256807","rdau:P60163","http://sws.geonames.org/2658434/"
"025256807","dct:contributor","http://data.swissbib.ch/person/ab184ae7-44c7-3f13-800f-d45393000afb"
"025256807","rdau:P60339","Hans-Niklas Kuhn"
"025256807","dc:format","1 Partitur"
"025256807","rdau:P60049","http://rdvocab.info/termList/RDAContentType/1010"
"025256807","rdau:P60050","http://rdvocab.info/termList/RDAMediaType/1007"
"025256807","dct:issued","1989"
"025256807","dct:title","Klaviertrio "Wiederholungen" : (1989)"
"025256815","@type","http://purl.org/dc/terms/BibliographicResource"
"025256815","@context","https://resources.swissbib.ch/bibliographicResource/context.jsonld"
"025256815","@id","http://data.swissbib.ch/bibliographicResource/025256815"
"025256815","rdfs:isDefinedBy","http://data.swissbib.ch/bibliographicResource/025256815/about"
"025256815","dct:language","http://lexvo.org/id/iso639-3/deu"
"025256815","rdau:P60163","http://sws.geonames.org/2921044/"
"025256815","rdau:P60339","hrsg. von Friedrich Hofmann"
"025256815","bibo:edition","[Verschiedene Aufl.]"
"025256815","dc:format","2 Bd. (Partituren)"
"025256815","dct:bibliographicCitation","Edition Merseburger ; 350-350A. "
"025256815","dct:contributor","http://data.swissbib.ch/person/c6afcc8f-1cbd-335d-8322-d6709c3cf770"
"025256815","work","025256815"
"025256815","bf:instanceOf","http://data.swissbib.ch/work/025256815"
"025256815","rdau:P60049","http://rdvocab.info/termList/RDAContentType/1010"
"025256815","rdau:P60050","http://rdvocab.info/termList/RDAMediaType/1007"
"025256815","dct:issued","1961"
"025256815","dct:title","Klingende Runde : geselliges Chorbuch für gemischte Stimmen"
"025256823","@type","http://purl.org/dc/terms/BibliographicResource"
"025256823","@context","https://resources.swissbib.ch/bibliographicResource/context.jsonld"
"025256823","@id","http://data.swissbib.ch/bibliographicResource/025256823"
"025256823","rdfs:isDefinedBy","http://data.swissbib.ch/bibliographicResource/025256823/about"
"025256823","dct:language","http://lexvo.org/id/iso639-3/deu"
"025256823","rdau:P60163","http://sws.geonames.org/2921044/"
"025256823","dct:contributor","http://data.swissbib.ch/person/78acdfd6-6f5e-3c35-8605-9d92ce52f8a6"
"025256823","rdau:P60339","Cesar Bresgen"
"025256823","dc:format","1 Partitur"
"025256823","dct:bibliographicCitation","Chorbuch / Cesar Bresgen ; H. 5. "
"025256823","dct:hasPart","Haussegen. Grüner Zweig. Was einer ist, was einer war. Über den silbernen Bergen. Will die Nacht herniedersinken. Reif und Schnee. Spätherbst"
"025256823","rdau:P60049","http://rdvocab.info/termList/RDAContentType/1010"
"025256823","rdau:P60050","http://rdvocab.info/termList/RDAMediaType/1007"
"025256823","dct:issued","1958"
"025256823","dct:title",""Reif und Schnee" : Chorsätze zu 3-5 Stimmen"
"025256831","@type","http://purl.org/dc/terms/BibliographicResource"
"025256831","@context","https://resources.swissbib.ch/bibliographicResource/context.jsonld"
"025256831","@id","http://data.swissbib.ch/bibliographicResource/025256831"
"025256831","rdfs:isDefinedBy","http://data.swissbib.ch/bibliographicResource/025256831/about"
"025256831","dct:language","http://lexvo.org/id/iso639-3/deu"
"025256831","rdau:P60163","http://sws.geonames.org/2921044/"
"025256831","dct:contributor","http://data.swissbib.ch/person/78acdfd6-6f5e-3c35-8605-9d92ce52f8a6"
"025256831","rdau:P60339","Cesar Bresgen"
"025256831","dc:format","1 Partitur"
"025256831","dct:bibliographicCitation","Chorbuch / Cesar Bresgen ; H. 4. "
"025256831","dct:hasPart","Es fiel eine Himmelstaue. Maria im Dornwald. Täublein weiss. Den geboren hat ein Magd. Unter Lieben Frauen Traum. Maria Kaiserin. Maria Königin. O Königin, mildreiche Frau. Ave Maria Klare. Mariä Himmelfahrt. Dich, Mutter Gottes, rufen wir an. Marienruf"
"025256831","work","025256831"
"025256831","bf:instanceOf","http://data.swissbib.ch/work/025256831"
"025256831","rdau:P60049","http://rdvocab.info/termList/RDAContentType/1010"
"025256831","rdau:P60050","http://rdvocab.info/termList/RDAMediaType/1007"
"025256831","dct:issued","1957"
"025256831","dct:title",""Es fiel eine Himmelstaue" : Marienlieder und Rufe"
"025256858","@type","http://purl.org/dc/terms/BibliographicResource"
"025256858","@context","https://resources.swissbib.ch/bibliographicResource/context.jsonld"
"025256858","@id","http://data.swissbib.ch/bibliographicResource/025256858"
"025256858","rdfs:isDefinedBy","http://data.swissbib.ch/bibliographicResource/025256858/about"
"025256858","dct:language","http://lexvo.org/id/iso639-3/deu"
"025256858","rdau:P60163","http://sws.geonames.org/2921044/"
"025256858","dct:contributor","http://data.swissbib.ch/person/d03f7580-2438-3c84-9ed5-d92bdfde3dd6"
"025256858","rdau:P60339","Joh. Valentin Görner"
"025256858","dc:format","1 Partitur + + 2 Stimmen"
"025256858","dct:bibliographicCitation","Organum. Reihe 2, Weltliche Gesangsmusik ; Nr. 15. "
"025256858","rdau:P60470","Nr. 5 ferner mit Begleitung von 2 Hörnern)"
"025256858","dct:hasPart","An die Freude. Der Frühling. Der Mai. Die Rose. Die Alster. Der Kuss. Das Kind. Der verliebte Bauer. Der ordentliche Hausstand. Der Lauf der Welt. Der Wein. Das Beispiel. Burgunder-Wein"
"025256858","work","025256858"
"025256858","bf:instanceOf","http://data.swissbib.ch/work/025256858"
"025256858","rdau:P60049","http://rdvocab.info/termList/RDAContentType/1010"
"025256858","rdau:P60050","http://rdvocab.info/termList/RDAMediaType/1007"
"025256858","dct:issued","1930"
"025256858","dct:title","Ausgewählte neue Oden und Lieder : für eine Singstimme und Generalbass"
"025256874","@type","http://purl.org/dc/terms/BibliographicResource"
"025256874","@context","https://resources.swissbib.ch/bibliographicResource/context.jsonld"
"025256874","@id","http://data.swissbib.ch/bibliographicResource/025256874"
"025256874","rdfs:isDefinedBy","http://data.swissbib.ch/bibliographicResource/025256874/about"
"025256874","dct:language","http://lexvo.org/id/iso639-3/gsw"
"025256874","rdau:P60163","http://sws.geonames.org/2658434/"
"025256874","bibo:isbn13","9783305003464"
"025256874","bibo:isbn10","3305003464"
"025256874","dct:contributor","http://data.swissbib.ch/person/74c985ce-cb03-3f46-8105-46b92205de8b"
"025256874","rdau:P60339","Hanni Salvisberg"
"025256874","bibo:edition","4. Aufl., 31.-38. Tsd"
"025256874","dc:format","72 S ; 25 cm"
"025256874","work","025256874"
"025256874","bf:instanceOf","http://data.swissbib.ch/work/025256874"
"025256874","rdau:P60049","http://rdvocab.info/termList/RDAContentType/1020"
"025256874","rdau:P60050","http://rdvocab.info/termList/RDAMediaType/1007"
"025256874","rdf:type","http://purl.org/ontology/bibo/Book"
"025256874","dct:issued","2003"
"025256874","dct:title","Züpfe u Suppe : Gschichte"
"025256882","@type","http://purl.org/dc/terms/BibliographicResource"
"025256882","@context","https://resources.swissbib.ch/bibliographicResource/context.jsonld"
"025256882","@id","http://data.swissbib.ch/bibliographicResource/025256882"
"025256882","rdfs:isDefinedBy","http://data.swissbib.ch/bibliographicResource/025256882/about"
"025256882","dct:language","http://lexvo.org/id/iso639-3/deu"
"025256882","rdau:P60163","http://sws.geonames.org/2635167/"
"025256882","dct:contributor","http://data.swissbib.ch/person/e10f5571-50e3-33ce-b37d-4dc6916d83ac"
"025256882","rdau:P60339","Heinrich Spitta"
"025256882","dc:format","1 Partitur"
"025256882","dct:bibliographicCitation","Das Singwerk"
"025256882","dct:bibliographicCitation","Edition Peters ; Nr. 4803. "
"025256882","rdau:P60049","http://rdvocab.info/termList/RDAContentType/1010"
"025256882","rdau:P60050","http://rdvocab.info/termList/RDAMediaType/1007"
"025256882","dct:issued","1942"
"025256882","dct:title","Winteraustreiben, op. 17 : Kantate über das Lied "So treiben wir den Winter aus" : für Einzelstimmen, Chor und Streichinstrumente (andere Instrumente ad lib.)"
"025256939","@type","http://purl.org/dc/terms/BibliographicResource"
"025256939","@context","https://resources.swissbib.ch/bibliographicResource/context.jsonld"
"025256939","@id","http://data.swissbib.ch/bibliographicResource/025256939"
"025256939","rdfs:isDefinedBy","http://data.swissbib.ch/bibliographicResource/025256939/about"
"025256939","dct:language","http://lexvo.org/id/iso639-3/deu"
"025256939","rdau:P60163","http://sws.geonames.org/2921044/"
"025256939","dct:contributor","http://data.swissbib.ch/person/4dc4a242-4b71-3910-8625-845f45c14790"
"025256939","rdau:P60339","von Leo von Klenze"
"025256939","dc:format","IV, 751 S ; 8'"
"025256939","rdau:P60049","http://rdvocab.info/termList/RDAContentType/1020"
"025256939","rdau:P60050","http://rdvocab.info/termList/RDAMediaType/1007"
"025256939","rdf:type","http://purl.org/ontology/bibo/Book"
"025256939","dct:issued","1838"
"025256939","dct:title","Aphoristische Bemerkungen gesammelt auf seiner Reise nach Griechenland"
"025256955","@type","http://purl.org/dc/terms/BibliographicResource"
"025256955","@context","https://resources.swissbib.ch/bibliographicResource/context.jsonld"
"025256955","@id","http://data.swissbib.ch/bibliographicResource/025256955"
"025256955","rdfs:isDefinedBy","http://data.swissbib.ch/bibliographicResource/025256955/about"
"025256955","dct:language","http://lexvo.org/id/iso639-3/deu"
"025256955","rdau:P60163","http://sws.geonames.org/2658434/"
"025256955","dct:contributor","http://data.swissbib.ch/person/7aaae7fb-6ef7-3e98-a119-dab5bd128446"
"025256955","rdau:P60339","Entworffen Von P. Friderico Wild, p. t. Procuratore Ord. Min. S. Francisci Conv"
"025256955","dc:format","17, [1] S : Tabellen ; 32 cm (2°)"
"025256955","dct:contributor","http://data.swissbib.ch/organisation/9e9381e4-6523-34f7-b528-5b5bd453be15"
"025256955","rdau:P60049","http://rdvocab.info/termList/RDAContentType/1020"
"025256955","rdau:P60050","http://rdvocab.info/termList/RDAMediaType/1007"
"025256955","rdf:type","http://purl.org/ontology/bibo/Book"
"025256955","dct:issued","1760"
"025256955","dct:title","Vorstellung verschidener Chrono-Magischen Quadraten : Deren die erste Zehen von 25 Fächlein, und folgende Vier von 49 Fächlein, so man aufwerts, über die Seiten, und auch NB. über das Creutz (nemlich von A zum D, und vom B bis C) addirt, oder summiert, machen sammentlich 184. mahl das letzlich verflossene Jubel-Jahr aus, nemlich 1750"
"025256971","@type","http://purl.org/dc/terms/BibliographicResource"
"025256971","@context","https://resources.swissbib.ch/bibliographicResource/context.jsonld"
"025256971","@id","http://data.swissbib.ch/bibliographicResource/025256971"
"025256971","rdfs:isDefinedBy","http://data.swissbib.ch/bibliographicResource/025256971/about"
"025256971","dct:language","http://lexvo.org/id/iso639-3/deu"
"025256971","rdau:P60163","http://sws.geonames.org/2658434/"
"025256971","dct:contributor","http://data.swissbib.ch/person/3f18a1f2-8db7-37d8-ab17-779533aca56c"
"025256971","rdau:P60339","von Eugen Boesch ; [Hrsg.: Automobil-Club der Schweiz, Sektion Luzern]"
"025256971","dct:alternative","25 Jahre Automobil-Club Luzern"
"025256971","dc:format","65 S : Textabb. & 1 Diagr ; 24 cm"
"025256971","dct:contributor","http://data.swissbib.ch/organisation/eb374008-c119-33f6-bfc1-80d2cc75a949"
"025256971","work","025256971"
"025256971","bf:instanceOf","http://data.swissbib.ch/work/025256971"
"025256971","rdau:P60049","http://rdvocab.info/termList/RDAContentType/1020"
"025256971","rdau:P60050","http://rdvocab.info/termList/RDAMediaType/1007"
"025256971","rdf:type","http://purl.org/ontology/bibo/Book"
"025256971","dct:issued","1933"
"025256971","dct:title","25 Jahre Sektion Luzern des Automobil-Clubs der Schweiz, 1908-1933 : Jubiläums-Schrift"
"025256998","@type","http://purl.org/dc/terms/BibliographicResource"
"025256998","@context","https://resources.swissbib.ch/bibliographicResource/context.jsonld"
"025256998","@id","http://data.swissbib.ch/bibliographicResource/025256998"
"025256998","rdfs:isDefinedBy","http://data.swissbib.ch/bibliographicResource/025256998/about"
"025256998","dct:language","http://lexvo.org/id/iso639-3/zxx"
"025256998","rdau:P60163","http://sws.geonames.org/2921044/"
"025256998","dct:contributor","http://data.swissbib.ch/person/579e5b68-21f8-31f0-a999-e1b390737d26"
"025256998","rdau:P60339","Max Reger ; hrsg. von Michael Kube"
"025256998","dc:format","29 S ; 24 cm"
"025256998","rdau:P60470","Urtext"
"025256998","rdau:P60049","http://rdvocab.info/termList/RDAContentType/1010"
"025256998","rdau:P60050","http://rdvocab.info/termList/RDAMediaType/1007"
"025256998","dct:issued","2003"
"025256998","dct:title","30 kleine Choralvorspiele für Orgel, op. 135a : Thirty little chorale preludes for organ, op. 135a"
"025257005","@type","http://purl.org/dc/terms/BibliographicResource"
"025257005","@context","https://resources.swissbib.ch/bibliographicResource/context.jsonld"
"025257005","@id","http://data.swissbib.ch/bibliographicResource/025257005"
"025257005","rdfs:isDefinedBy","http://data.swissbib.ch/bibliographicResource/025257005/about"
"025257005","dct:language","http://lexvo.org/id/iso639-3/lat"
"025257005","rdau:P60163","http://sws.geonames.org/2658434/"
"025257005","dct:contributor","http://data.swissbib.ch/person/a7bef24f-231d-3b7e-8f23-5b390a345093"
"025257005","rdau:P60339","Per Thomam Henrici. S.T.D. Protonot. Apost: Cathed. Ecclesiae Basilicus Archidiaconum, et Vicarium generalem, Colmariensis Praepositum"
"025257005","dc:format","[8] Bl., 531 S., [31] Bl : Kupfertitel ; 21 cm (4°)"
"025257005","dct:contributor","http://data.swissbib.ch/organisation/5bd647c1-7663-3883-9703-e004c9f2902c"
"025257005","dct:contributor","http://data.swissbib.ch/organisation/ae670431-6488-35d8-8170-515919472c55"
"025257005","dct:contributor","http://data.swissbib.ch/organisation/9e9381e4-6523-34f7-b528-5b5bd453be15"
"025257005","rdau:P60049","http://rdvocab.info/termList/RDAContentType/1020"
"025257005","rdau:P60050","http://rdvocab.info/termList/RDAMediaType/1007"
"025257005","rdf:type","http://purl.org/ontology/bibo/Book"
"025257005","dct:issued","1642"
"025257005","dct:title","Catena Biblica : Hoc est, Moralis Doctrinae è continuis Scripturae S. verbis Libri Quatuor"
"025257056","@type","http://purl.org/dc/terms/BibliographicResource"
"025257056","@context","https://resources.swissbib.ch/bibliographicResource/context.jsonld"
"025257056","@id","http://data.swissbib.ch/bibliographicResource/025257056"
"025257056","rdfs:isDefinedBy","http://data.swissbib.ch/bibliographicResource/025257056/about"
"025257056","dct:language","http://lexvo.org/id/iso639-3/deu"
"025257056","rdau:P60163","http://sws.geonames.org/2658434/"
"025257056","dbp:originalLanguage","http://lexvo.org/id/iso639-3/eng"
"025257056","dct:contributor","http://data.swissbib.ch/person/515016ba-9448-35b8-98e0-8e2699eadc97"
"025257056","rdau:P60339","Nachw. [und Übers.] aus dem Amerikan. von Elisabeth Schnack"
"025257056","dc:format","412 S ; 8'"
"025257056","work","025257056"
"025257056","bf:instanceOf","http://data.swissbib.ch/work/025257056"
"025257056","rdau:P60049","http://rdvocab.info/termList/RDAContentType/1020"
"025257056","rdau:P60050","http://rdvocab.info/termList/RDAMediaType/1007"
"025257056","rdf:type","http://purl.org/ontology/bibo/Book"
"025257056","dct:issued","1970"
"025257056","dct:title","Meisterzählungen"
"025257072","@type","http://purl.org/dc/terms/BibliographicResource"
"025257072","@context","https://resources.swissbib.ch/bibliographicResource/context.jsonld"
"025257072","@id","http://data.swissbib.ch/bibliographicResource/025257072"
"025257072","rdfs:isDefinedBy","http://data.swissbib.ch/bibliographicResource/025257072/about"
"025257072","dct:language","http://lexvo.org/id/iso639-3/deu"
"025257072","rdau:P60163","http://sws.geonames.org/2658434/"
"025257072","dct:contributor","http://data.swissbib.ch/person/183a209e-c542-3c2a-97f3-8e1d9856e063"
"025257072","rdau:P60339","Durch Georg Gotthart, Burger und Eisenkremer in Solothurn Componiert, und von einer Ehrsamen Burgerschafft daselbsten, offentlich agiert und gspilt worden, den 23. und 24. tag Aprilis, Anno 1617"
"025257072","dc:format","[11] Bl., 560 S ; 16 cm (8°)"
"025257072","dct:contributor","http://data.swissbib.ch/organisation/ae670431-6488-35d8-8170-515919472c55"
"025257072","dct:contributor","http://data.swissbib.ch/organisation/2cfb61eb-2aea-3c17-acad-da9f874168f1"
"025257072","dct:contributor","http://data.swissbib.ch/organisation/71b14176-ba1b-3ab1-87e1-1aaf646db6f2"
"025257072","work","000856355"
"025257072","bf:instanceOf","http://data.swissbib.ch/work/000856355"
"025257072","rdau:P60049","http://rdvocab.info/termList/RDAContentType/1020"
"025257072","rdau:P60050","http://rdvocab.info/termList/RDAMediaType/1007"
"025257072","rdf:type","http://purl.org/ontology/bibo/Book"
"025257072","dct:issued","1619"
"025257072","dct:title","Ein Schöne Lehrrüche Histori, und Comoedia, von dem Läben dess frommen unnd Göttsförchtigen Tobiae"
"025257110","@type","http://purl.org/dc/terms/BibliographicResource"
"025257110","@context","https://resources.swissbib.ch/bibliographicResource/context.jsonld"
"025257110","@id","http://data.swissbib.ch/bibliographicResource/025257110"
"025257110","rdfs:isDefinedBy","http://data.swissbib.ch/bibliographicResource/025257110/about"
"025257110","dct:language","http://lexvo.org/id/iso639-3/deu"
"025257110","rdau:P60163","http://sws.geonames.org/2921044/"
"025257110","bibo:isbn13","9783596137060"
"025257110","bibo:isbn10","3596137063"
"025257110","dbp:originalLanguage","http://lexvo.org/id/iso639-3/eng"
"025257110","dct:contributor","http://data.swissbib.ch/person/d10e4e16-13fb-37ab-a5ba-e30e753cec1a"
"025257110","rdau:P60339","Paul Kennedy"
"025257110","bibo:edition","Sonderausg"
"025257110","dc:format","527 S ; 19 cm"
"025257110","dct:bibliographicCitation","[Fischer-Taschenbücher] ; 13706. "
"025257110","work","004033779"
"025257110","bf:instanceOf","http://data.swissbib.ch/work/004033779"
"025257110","rdau:P60049","http://rdvocab.info/termList/RDAContentType/1020"
"025257110","rdau:P60050","http://rdvocab.info/termList/RDAMediaType/1007"
"025257110","rdf:type","http://purl.org/ontology/bibo/Book"
"025257110","dct:issued","1997"
"025257110","dct:title","In Vorbereitung auf das 21. Jahrhundert"
"025257145","@type","http://purl.org/dc/terms/BibliographicResource"
"025257145","@context","https://resources.swissbib.ch/bibliographicResource/context.jsonld"
"025257145","@id","http://data.swissbib.ch/bibliographicResource/025257145"
"025257145","rdfs:isDefinedBy","http://data.swissbib.ch/bibliographicResource/025257145/about"
"025257145","dct:language","http://lexvo.org/id/iso639-3/zxx"
"025257145","rdau:P60163","http://sws.geonames.org/2635167/"
"025257145","dct:contributor","http://data.swissbib.ch/person/8fda6528-d73d-369e-8298-b887d6240231"
"025257145","rdau:P60339","L. Boccherini ; Ed.: Stanley Sadie"
"025257145","dc:format","5 Stimmen"
"025257145","rdau:P60049","http://rdvocab.info/termList/RDAContentType/1010"
"025257145","rdau:P60050","http://rdvocab.info/termList/RDAMediaType/1007"
"025257145","dct:issued","1958"
"025257145","dct:title","Quintet G major op. 21 no. 5 for flute (oboe) & strings"
"02525717X","@type","http://purl.org/dc/terms/BibliographicResource"
"02525717X","@context","https://resources.swissbib.ch/bibliographicResource/context.jsonld"
"02525717X","@id","http://data.swissbib.ch/bibliographicResource/02525717X"
"02525717X","rdfs:isDefinedBy","http://data.swissbib.ch/bibliographicResource/02525717X/about"
"02525717X","dct:language","http://lexvo.org/id/iso639-3/deu"
"02525717X","rdau:P60163","http://sws.geonames.org/2921044/"
"02525717X","dc:format","1 Bd : benebst Kupfern (die z. Teil fehlen) ; 8'"
"02525717X","work","004758056"
"02525717X","bf:instanceOf","http://data.swissbib.ch/work/004758056"
"02525717X","rdau:P60049","http://rdvocab.info/termList/RDAContentType/1020"
"02525717X","rdau:P60050","http://rdvocab.info/termList/RDAMediaType/1007"
"02525717X","rdf:type","http://purl.org/ontology/bibo/Book"
"02525717X","dct:issued","1713"
"02525717X","dct:title","Der neueste Staat von Lothringen, Savoyen, Ober- und Unter-Elsass, Franche-Comte, oder Grafschafft Burgund, und sonderlich dem gantzen Schweitzerland : sammt einem fernern Anhang: Lesswürdigsten Curiositäten von dem neuesten Staat der schweitzerischen Länder, sonderlich die Misshelligkeiten die Differenzierten zwischen dem Fürstlichen Stifft von St. Gallen und der Landschafft Doggenburg betreffend"
"025257188","@type","http://purl.org/dc/terms/BibliographicResource"
"025257188","@context","https://resources.swissbib.ch/bibliographicResource/context.jsonld"
"025257188","@id","http://data.swissbib.ch/bibliographicResource/025257188"
"025257188","rdfs:isDefinedBy","http://data.swissbib.ch/bibliographicResource/025257188/about"
"025257188","dct:language","http://lexvo.org/id/iso639-3/deu"
"025257188","rdau:P60163","http://sws.geonames.org/2658434/"
"025257188","dct:contributor","http://data.swissbib.ch/person/ca2cb17c-fa86-3f01-a414-d24819f38ff2"
"025257188","dc:format","44, 388 S., [1] Bl ; 21 cm (4°)"
"025257188","rdau:P60470","Nur Bd. 1 erschienen"
"025257188","dct:contributor","http://data.swissbib.ch/organisation/9e9381e4-6523-34f7-b528-5b5bd453be15"
"025257188","work","025255975"
"025257188","bf:instanceOf","http://data.swissbib.ch/work/025255975"
"025257188","rdau:P60049","http://rdvocab.info/termList/RDAContentType/1020"
"025257188","rdau:P60050","http://rdvocab.info/termList/RDAMediaType/1007"
"025257188","rdf:type","http://purl.org/ontology/bibo/Book"
"025257188","dct:issued","1639"
"025257188","dct:title","Augspiegels Wahrer Religion Erster Theil, Welcher zu mehrer Vollkommenheit diser Andern Edition von dem Authore Ioanne Wilhelmo Gothardo Der Alt- und Löblichen Stifft SS. Ursi, Victoris, & Soc. Theb. Mart. zu Solothurn Canonico, Custode und Poenitentiario selbsten auff ein Newes revidiert, umb den halben Theil vermehret, und mit zugethanen Registern, etc. geziehret worden. Allen Liebhabern der Warheit und Unpartheyischen Erforschern der Wahren Religion für die Augen gestellt"
"025257196","@type","http://purl.org/dc/terms/BibliographicResource"
"025257196","@context","https://resources.swissbib.ch/bibliographicResource/context.jsonld"
"025257196","@id","http://data.swissbib.ch/bibliographicResource/025257196"
"025257196","rdfs:isDefinedBy","http://data.swissbib.ch/bibliographicResource/025257196/about"
"025257196","dct:language","http://lexvo.org/id/iso639-3/und"
"025257196","rdau:P60163","http://sws.geonames.org/2921044/"
"025257196","dct:contributor","http://data.swissbib.ch/person/6c171975-bd96-394f-831c-f19132852266"
"025257196","rdau:P60339","Adalbert Gyrowetz ; neue Ausg. besorgt von Wilhelm Altmann"
"025257196","dc:format","4 Stimmen"
"025257196","dct:contributor","http://data.swissbib.ch/person/e24f6196-d32f-3f4c-bea3-e3e9362e9629"
"025257196","rdau:P60049","http://rdvocab.info/termList/RDAContentType/1010"
"025257196","rdau:P60050","http://rdvocab.info/termList/RDAMediaType/1007"
"025257196","dct:issued","1900-1999"
"025257196","dct:title","Dritte Nachtmusik : für Flöte, Violine, Viola und Violoncello : op. 26"
"025257218","@type","http://purl.org/dc/terms/BibliographicResource"
"025257218","@context","https://resources.swissbib.ch/bibliographicResource/context.jsonld"
"025257218","@id","http://data.swissbib.ch/bibliographicResource/025257218"
"025257218","rdfs:isDefinedBy","http://data.swissbib.ch/bibliographicResource/025257218/about"
"025257218","dct:language","http://lexvo.org/id/iso639-3/deu"
"025257218","rdau:P60163","http://sws.geonames.org/3017382/"
"025257218","dbp:originalLanguage","http://lexvo.org/id/iso639-3/lat"
"025257218","dct:contributor","http://data.swissbib.ch/person/efb66270-0dc1-3aba-a719-718fcc56e0cb"
"025257218","rdau:P60339","[Übers.: Thomas Murner]"
"025257218","dc:format","[1] Bl., 709, [13] S ; 17 cm (8°)"
"025257218","dct:contributor","http://data.swissbib.ch/person/f584ae00-2739-3724-8fe0-1e304945e132"
"025257218","dct:contributor","http://data.swissbib.ch/organisation/0df9e30e-1bce-3cd3-8c9d-1fc72d5dfb91"
"025257218","work","025257218"
"025257218","bf:instanceOf","http://data.swissbib.ch/work/025257218"
"025257218","rdau:P60049","http://rdvocab.info/termList/RDAContentType/1020"
"025257218","rdau:P60050","http://rdvocab.info/termList/RDAMediaType/1007"
"025257218","rdf:type","http://purl.org/ontology/bibo/Book"
"025257218","dct:issued","1559"
"025257218","dct:title","Vergilij Maronis dreyzehen Eneadische bücher von Troianischer zerstörung, Und auffgange des Römischen Reichs"
"025257226","@type","http://purl.org/dc/terms/BibliographicResource"
"025257226","@context","https://resources.swissbib.ch/bibliographicResource/context.jsonld"
"025257226","@id","http://data.swissbib.ch/bibliographicResource/025257226"
"025257226","rdfs:isDefinedBy","http://data.swissbib.ch/bibliographicResource/025257226/about"
"025257226","dct:language","http://lexvo.org/id/iso639-3/deu"
"025257226","rdau:P60163","http://sws.geonames.org/2658434/"
"025257226","rdau:P60339","[Thomas Murner]"
"025257226","dc:format","[182] Bl ; 19 cm (4°)"
"025257226","rdau:P60470","Nach Bl. d fehlt leeres Bl."
"025257226","rdau:P60470","Korrekte Zählung 182 Bl., entgegen VD16 (178 Bl.)"
"025257226","dct:contributor","http://data.swissbib.ch/person/8d75101c-bc81-3839-8c93-d6e865f31bc3"
"025257226","dct:contributor","http://data.swissbib.ch/organisation/39a51438-61ea-31e0-ad65-e55020cf51bf"
"025257226","work","022906495"
"025257226","bf:instanceOf","http://data.swissbib.ch/work/022906495"
"025257226","rdau:P60049","http://rdvocab.info/termList/RDAContentType/1020"
"025257226","rdau:P60050","http://rdvocab.info/termList/RDAMediaType/1007"
"025257226","rdf:type","http://purl.org/ontology/bibo/Book"
"025257226","dct:issued","1527"
"025257226","dct:title","Die disputacion vor den xij orten einer loblichen eidtgnoschafft namlich Bern Lutzern Ury Schvuytz Undervualden ob unnd nidt dem kernwalt Zug mitt dem sampt usseren ampt Glaris Basel Friburg Solathorn Schaffhusen und Appenzell, von wegen der einigkeit in christlichem glauben in iren landen und undterthonen der fier bistumb Costentz Basel, Losanen und Chur beschehen, und in dem iar Christi unsers erlösers Mccccc und xx vj uff den xvi tag des Meyens erhöret und zu Baden im ergöw irer stattgehalten unnd vollendet"
"025257242","@type","http://purl.org/dc/terms/BibliographicResource"
"025257242","@context","https://resources.swissbib.ch/bibliographicResource/context.jsonld"
"025257242","@id","http://data.swissbib.ch/bibliographicResource/025257242"
"025257242","rdfs:isDefinedBy","http://data.swissbib.ch/bibliographicResource/025257242/about"
"025257242","dct:language","http://lexvo.org/id/iso639-3/deu"
"025257242","rdau:P60163","http://sws.geonames.org/2658434/"
"025257242","dct:contributor","http://data.swissbib.ch/person/0ec7836c-1fd5-3511-92a1-56f68950141e"
"025257242","dc:format","[8] Bl., 296 S., 12 Bl ; 14 cm (4°)"
"025257242","dct:contributor","http://data.swissbib.ch/organisation/9e9381e4-6523-34f7-b528-5b5bd453be15"
"025257242","work","025257242"
"025257242","bf:instanceOf","http://data.swissbib.ch/work/025257242"
"025257242","rdau:P60049","http://rdvocab.info/termList/RDAContentType/1020"
"025257242","rdau:P60050","http://rdvocab.info/termList/RDAMediaType/1007"
"025257242","rdf:type","http://purl.org/ontology/bibo/Book"
"025257242","dct:issued","1657"
"025257242","dct:title","Joannis Barzaei Heroum Helvetiorum epistolae"
"025257250","@type","http://purl.org/dc/terms/BibliographicResource"
"025257250","@context","https://resources.swissbib.ch/bibliographicResource/context.jsonld"
"025257250","@id","http://data.swissbib.ch/bibliographicResource/025257250"
"025257250","rdfs:isDefinedBy","http://data.swissbib.ch/bibliographicResource/025257250/about"
"025257250","dct:language","http://lexvo.org/id/iso639-3/und"
"025257250","rdau:P60163","http://sws.geonames.org/2658434/"
"025257250","rdau:P60339","Planxty Irwin ; arr.: Thomas Estermann"
"025257250","dc:format","1 Compact Disc"
"025257250","rdau:P60470","Aufnahme: 15.-17.8.2003, Kleintheater Somehuus, Sursee"
"025257250","dct:contributor","http://data.swissbib.ch/organisation/41132ec9-cb5a-3e3c-bc16-217266f64508"
"025257250","rdau:P60049","http://rdvocab.info/termList/RDAContentType/1011"
"025257250","rdau:P60050","http://rdvocab.info/termList/RDAMediaType/1001"
"025257250","dct:issued","2004"
"025257250","dct:title","Fundstück"
"025257269","@type","http://purl.org/dc/terms/BibliographicResource"
"025257269","@context","https://resources.swissbib.ch/bibliographicResource/context.jsonld"
"025257269","@id","http://data.swissbib.ch/bibliographicResource/025257269"
"025257269","rdfs:isDefinedBy","http://data.swissbib.ch/bibliographicResource/025257269/about"
"025257269","dct:language","http://lexvo.org/id/iso639-3/deu"
"025257269","rdau:P60163","http://sws.geonames.org/2658434/"
"025257269","rdau:P60339","[Thomas Murner]"
"025257269","dc:format","[182] Bl ; 23 cm (4°)"
"025257269","rdau:P60470","Nach Bl. d fehlt leeres Bl."
"025257269","rdau:P60470","Korrekte Zählung 182 Bl., entgegen VD16 (178 Bl.)"
"025257269","dct:contributor","http://data.swissbib.ch/person/8d75101c-bc81-3839-8c93-d6e865f31bc3"
"025257269","dct:contributor","http://data.swissbib.ch/organisation/39a51438-61ea-31e0-ad65-e55020cf51bf"
"025257269","work","022906495"
"025257269","bf:instanceOf","http://data.swissbib.ch/work/022906495"
"025257269","rdau:P60049","http://rdvocab.info/termList/RDAContentType/1020"
"025257269","rdau:P60050","http://rdvocab.info/termList/RDAMediaType/1007"
"025257269","rdf:type","http://purl.org/ontology/bibo/Book"
"025257269","dct:issued","1527"
"025257269","dct:title","Die disputacion vor den xij orten einer loblichen eidtgnoschafft namlich Bern Lutzern Ury Schvuytz Undervualden ob unnd nidt dem kernwalt Zug mitt dem sampt usseren ampt Glaris Basel Friburg Solathorn Schaffhusen und Appenzell, von wegen der einigkeit in christlichem glauben in iren landen und undterthonen der fier bistumb Costentz Basel, Losanen und Chur beschehen, und in dem iar Christi unsers erlösers Mccccc und xx vj uff den xvi tag des Meyens erhöret und zu Baden im ergöw irer stattgehalten unnd vollendet"
"025257285","@type","http://purl.org/dc/terms/BibliographicResource"
"025257285","@context","https://resources.swissbib.ch/bibliographicResource/context.jsonld"
"025257285","@id","http://data.swissbib.ch/bibliographicResource/025257285"
"025257285","rdfs:isDefinedBy","http://data.swissbib.ch/bibliographicResource/025257285/about"
"025257285","dct:language","http://lexvo.org/id/iso639-3/und"
"025257285","rdau:P60163","http://sws.geonames.org/3017382/"
"025257285","dct:contributor","http://data.swissbib.ch/person/8b6e2442-1877-3c58-b6a7-673781e54507"
"025257285","rdau:P60339","Anton Bruckner"
"025257285","dc:format","1 Compact Disc + + 1 Begleittext"
"025257285","dct:bibliographicCitation","Musique d'abord"
"025257285","dct:contributor","http://data.swissbib.ch/person/8b6e2442-1877-3c58-b6a7-673781e54507"
"025257285","dct:contributor","http://data.swissbib.ch/person/ccb1e514-d5bc-3f6c-b881-87fb6f43cd11"
"025257285","dct:contributor","http://data.swissbib.ch/organisation/4347be81-20a0-3dc1-a3ee-9a0e46dc7f40"
"025257285","work","02126144X"
"025257285","bf:instanceOf","http://data.swissbib.ch/work/02126144X"
"025257285","rdau:P60049","http://rdvocab.info/termList/RDAContentType/1011"
"025257285","rdau:P60050","http://rdvocab.info/termList/RDAMediaType/1001"
"025257285","dct:issued","2003"
"025257285","dct:title","Streichquintett F-dur : Intermezzo d-moll"
"025257293","@type","http://purl.org/dc/terms/BibliographicResource"
"025257293","@context","https://resources.swissbib.ch/bibliographicResource/context.jsonld"
"025257293","@id","http://data.swissbib.ch/bibliographicResource/025257293"
"025257293","rdfs:isDefinedBy","http://data.swissbib.ch/bibliographicResource/025257293/about"
"025257293","dct:language","http://lexvo.org/id/iso639-3/deu"
"025257293","rdau:P60163","http://sws.geonames.org/2658434/"
"025257293","dct:contributor","http://data.swissbib.ch/person/e0e35c52-eff3-3a58-8359-e280a74d2163"
"025257293","dc:format","[28] Bl ; 22 cm (4°)"
"025257293","dct:contributor","http://data.swissbib.ch/organisation/39a51438-61ea-31e0-ad65-e55020cf51bf"
"025257293","work","02124930X"
"025257293","bf:instanceOf","http://data.swissbib.ch/work/02124930X"
"025257293","rdau:P60049","http://rdvocab.info/termList/RDAContentType/1020"
"025257293","rdau:P60050","http://rdvocab.info/termList/RDAMediaType/1007"
"025257293","rdf:type","http://purl.org/ontology/bibo/Book"
"025257293","dct:issued","1528"
"025257293","dct:title","Die gots heylige mess von gott allein erstifft, ein städt und lebendigs opffer, für die lebendigen und die dodten, die höchste frucht der Christenheit, wider die fünffte schlussred zuo Bern disputiert in der Eidtgnoschafft den frommen alten Christlichen Bernern zuo trost und behilff gemacht, und zuo Lutzern offentlich durch doctor Thomas Murner geprediget, und mit dem woren gots wort befestiget"
"025257358","@type","http://purl.org/dc/terms/BibliographicResource"
"025257358","@context","https://resources.swissbib.ch/bibliographicResource/context.jsonld"
"025257358","@id","http://data.swissbib.ch/bibliographicResource/025257358"
"025257358","rdfs:isDefinedBy","http://data.swissbib.ch/bibliographicResource/025257358/about"
"025257358","dct:language","http://lexvo.org/id/iso639-3/und"
"025257358","rdau:P60163","http://sws.geonames.org/2658434/"
"025257358","dct:contributor","http://data.swissbib.ch/person/0de6c780-77c5-3a0e-9389-50fec033cda2"
"025257358","rdau:P60339","Johann Baptist Wendling ; hrsg. von Frank Nagel"
"025257358","dc:format","3 Stimmen"
"025257358","dct:contributor","http://data.swissbib.ch/person/0134a765-7e97-3855-9f49-0d76208214ba"
"025257358","work","025257358"
"025257358","bf:instanceOf","http://data.swissbib.ch/work/025257358"
"025257358","rdau:P60049","http://rdvocab.info/termList/RDAContentType/1010"
"025257358","rdau:P60050","http://rdvocab.info/termList/RDAMediaType/1007"
"025257358","dct:issued","1974"
"025257358","dct:title","Trio in G-Dur für Flöte, Violine und Violoncello op. 2 Nr. 1"
"025257382","@type","http://purl.org/dc/terms/BibliographicResource"
"025257382","@context","https://resources.swissbib.ch/bibliographicResource/context.jsonld"
"025257382","@id","http://data.swissbib.ch/bibliographicResource/025257382"
"025257382","rdfs:isDefinedBy","http://data.swissbib.ch/bibliographicResource/025257382/about"
"025257382","dct:language","http://lexvo.org/id/iso639-3/und"
"025257382","rdau:P60163","http://sws.geonames.org/6252001/"
"025257382","dct:contributor","http://data.swissbib.ch/person/71f8f56d-b7e5-3681-a59a-cc74ee6cd77e"
"025257382","rdau:P60339","Jansa ; [hrsg.von] F. Hermann"
"025257382","dc:format","2 Stimmen"
"025257382","dct:contributor","http://data.swissbib.ch/person/85ed76a0-6f7a-35db-9565-769b899ec9c7"
"025257382","rdau:P60049","http://rdvocab.info/termList/RDAContentType/1010"
"025257382","rdau:P60050","http://rdvocab.info/termList/RDAMediaType/1007"
"025257382","dct:issued","1900-1999"
"025257382","dct:title","Three duets for violin and viola, op. 70"
"025257404","@type","http://purl.org/dc/terms/BibliographicResource"
"025257404","@context","https://resources.swissbib.ch/bibliographicResource/context.jsonld"
"025257404","@id","http://data.swissbib.ch/bibliographicResource/025257404"
"025257404","rdfs:isDefinedBy","http://data.swissbib.ch/bibliographicResource/025257404/about"
"025257404","dct:language","http://lexvo.org/id/iso639-3/und"
"025257404","rdau:P60163","http://sws.geonames.org/2658434/"
"025257404","dc:format","1 Compact Disc"
"025257404","dct:contributor","http://data.swissbib.ch/organisation/8b7c4a1a-21c7-3134-83be-da53ccfbde42"
"025257404","dct:contributor","http://data.swissbib.ch/organisation/35085e5b-38a6-3867-84cc-c3b0e5de7dbd"
"025257404","rdau:P60049","http://rdvocab.info/termList/RDAContentType/1011"
"025257404","rdau:P60050","http://rdvocab.info/termList/RDAMediaType/1001"
"025257404","dct:issued","2004"
"025257404","dct:title","Love : Jahreskonzert Harmoniemusik Luzern : Samstag, 17. Januar 2004, Luzerner Saal, Kultur- und Kongresszentrum Luzern"
"025257412","@type","http://purl.org/dc/terms/BibliographicResource"
"025257412","@context","https://resources.swissbib.ch/bibliographicResource/context.jsonld"
"025257412","@id","http://data.swissbib.ch/bibliographicResource/025257412"
"025257412","rdfs:isDefinedBy","http://data.swissbib.ch/bibliographicResource/025257412/about"
"025257412","dct:language","http://lexvo.org/id/iso639-3/deu"
"025257412","rdau:P60163","http://sws.geonames.org/2921044/"
"025257412","dbp:originalLanguage","http://lexvo.org/id/iso639-3/fra"
"025257412","dct:contributor","http://data.swissbib.ch/person/e0f1d618-2f82-3cb5-a8d2-5906a20c8e23"
"025257412","rdau:P60339","von Alphonse Daudet ; Aquarell-Illustrationen von Aranda ... [et al.] ; autoris. Uebers. von Stephan Born"
"025257412","dc:format","320 S : Ill ; 8'"
"025257412","work","025257412"
"025257412","bf:instanceOf","http://data.swissbib.ch/work/025257412"
"025257412","rdau:P60049","http://rdvocab.info/termList/RDAContentType/1020"
"025257412","rdau:P60050","http://rdvocab.info/termList/RDAMediaType/1007"
"025257412","rdf:type","http://purl.org/ontology/bibo/Book"
"025257412","dct:issued","1886"
"025257412","dct:title","Tartarin in den Alpen : neue Ruhmesthaten des Helden von Tarascon"
"025257420","@type","http://purl.org/dc/terms/BibliographicResource"
"025257420","@context","https://resources.swissbib.ch/bibliographicResource/context.jsonld"
"025257420","@id","http://data.swissbib.ch/bibliographicResource/025257420"
"025257420","rdfs:isDefinedBy","http://data.swissbib.ch/bibliographicResource/025257420/about"
"025257420","dct:language","http://lexvo.org/id/iso639-3/fra"
"025257420","rdau:P60163","http://sws.geonames.org/3017382/"
"025257420","dct:contributor","http://data.swissbib.ch/person/99058c6c-9d2f-353a-a923-4d62d0147f25"
"025257420","rdau:P60339","Pierre de Nouvion, Émile Liez ; ill. gravées en couleurs par G. Ripart"
"025257420","dc:format","223 S : farb. Taf., ill. gravées en couleurs ; In-4'"
"025257420","dct:contributor","http://data.swissbib.ch/person/5349dd8c-0584-327a-9eee-246fd6800ff7"
"025257420","work","025257420"
"025257420","bf:instanceOf","http://data.swissbib.ch/work/025257420"
"025257420","rdau:P60049","http://rdvocab.info/termList/RDAContentType/1020"
"025257420","rdau:P60050","http://rdvocab.info/termList/RDAMediaType/1007"
"025257420","rdf:type","http://purl.org/ontology/bibo/Book"
"025257420","dct:issued","1911"
"025257420","dct:title","Un Ministre des modes sous Louis XVI, Mlle Bertin, marchande de modes de la reine, 1747-1813"
"025257463","@type","http://purl.org/dc/terms/BibliographicResource"
"025257463","@context","https://resources.swissbib.ch/bibliographicResource/context.jsonld"
"025257463","@id","http://data.swissbib.ch/bibliographicResource/025257463"
"025257463","rdfs:isDefinedBy","http://data.swissbib.ch/bibliographicResource/025257463/about"
"025257463","dct:language","http://lexvo.org/id/iso639-3/deu"
"025257463","rdau:P60163","http://sws.geonames.org/2658434/"
"025257463","dct:contributor","http://data.swissbib.ch/person/f34b5694-626b-3c05-ad96-6cdd9afa43db"
"025257463","rdau:P60339","[Joseph am Rhyn]"
"025257463","dc:format","76 S., [1] Bl ; 16 cm (8°)"
"025257463","rdau:P60470","Autor: der Vorrede S. 21 entnommen"
"025257463","dct:contributor","http://data.swissbib.ch/organisation/2c448ffa-dabb-38a3-87a2-3581a438c433"
"025257463","dct:contributor","http://data.swissbib.ch/organisation/9e9381e4-6523-34f7-b528-5b5bd453be15"
"025257463","work","025257463"
"025257463","bf:instanceOf","http://data.swissbib.ch/work/025257463"
"025257463","rdau:P60049","http://rdvocab.info/termList/RDAContentType/1020"
"025257463","rdau:P60050","http://rdvocab.info/termList/RDAMediaType/1007"
"025257463","rdf:type","http://purl.org/ontology/bibo/Book"
"025257463","dct:issued","1643"
"025257463","dct:title","Sanavallis oder Gesundenthal : Von Alters her genant, S. Jost auff d'Blatten, In der Herrschafft der alten Catholischen Statt Lucern gelegen; alda dieser gnadenreiche Beichtiger durch seine trewe Fürbitt allerley anligen, so wol dess Leibs als der Seelen curiert und heylet, etc"
"025257471","@type","http://purl.org/dc/terms/BibliographicResource"
"025257471","@context","https://resources.swissbib.ch/bibliographicResource/context.jsonld"
"025257471","@id","http://data.swissbib.ch/bibliographicResource/025257471"
"025257471","rdfs:isDefinedBy","http://data.swissbib.ch/bibliographicResource/025257471/about"
"025257471","dct:language","http://lexvo.org/id/iso639-3/deu"
"025257471","rdau:P60163","http://sws.geonames.org/2658434/"
"025257471","dct:contributor","http://data.swissbib.ch/person/f34b5694-626b-3c05-ad96-6cdd9afa43db"
"025257471","rdau:P60339","[Joseph am Rhyn]"
"025257471","dc:format","76 S., [1] Bl ; 16 cm (8°)"
"025257471","rdau:P60470","Autor: der Vorrede S. 21 entnommen"
"025257471","dct:contributor","http://data.swissbib.ch/organisation/53332928-153e-3cf3-9118-3b6b6ff8b03b"
"025257471","dct:contributor","http://data.swissbib.ch/organisation/9e9381e4-6523-34f7-b528-5b5bd453be15"
"025257471","work","025257463"
"025257471","bf:instanceOf","http://data.swissbib.ch/work/025257463"
"025257471","rdau:P60049","http://rdvocab.info/termList/RDAContentType/1020"
"025257471","rdau:P60050","http://rdvocab.info/termList/RDAMediaType/1007"
"025257471","rdf:type","http://purl.org/ontology/bibo/Book"
"025257471","dct:issued","1643"
"025257471","dct:title","Sanavallis oder Gesundenthal : Von Alters her genant, S. Jost auff d'Blatten, In der Herrschafft der alten Catholischen Statt Lucern gelegen; alda dieser gnadenreiche Beichtiger durch seine trewe Fürbitt allerley anligen, so wol dess Leibs als der Seelen curiert und heylet, etc"
"02525748X","@type","http://purl.org/dc/terms/BibliographicResource"
"02525748X","@context","https://resources.swissbib.ch/bibliographicResource/context.jsonld"
"02525748X","@id","http://data.swissbib.ch/bibliographicResource/02525748X"
"02525748X","rdfs:isDefinedBy","http://data.swissbib.ch/bibliographicResource/02525748X/about"
"02525748X","dct:language","http://lexvo.org/id/iso639-3/lat"
"02525748X","rdau:P60163","http://sws.geonames.org/2658434/"
"02525748X","dct:contributor","http://data.swissbib.ch/person/5f65195c-c32e-368e-bf72-a128cdae59d9"
"02525748X","rdau:P60339","[Pappus, Leonhard]"
"02525748X","dc:format","210 S., [1] Bl : Kupfertitel ; 11 cm (8°)"
"02525748X","rdau:P60470","Impressum: Druckjahr dem Kolophon entnommen"
"02525748X","rdau:P60470","Leonhard ist angebl. Verfasser (Angaben im SWB)"
"02525748X","dct:contributor","http://data.swissbib.ch/person/e65c1788-43ce-351f-9e1d-7612a078d16d"
"02525748X","dct:contributor","http://data.swissbib.ch/person/d7ac3b3f-d01e-3f12-be7d-237eddbba27e"
"02525748X","dct:contributor","http://data.swissbib.ch/organisation/ae08f689-c81b-33b1-8904-7d83a220f49f"
"02525748X","dct:contributor","http://data.swissbib.ch/organisation/9e9381e4-6523-34f7-b528-5b5bd453be15"
"02525748X","rdau:P60049","http://rdvocab.info/termList/RDAContentType/1020"
"02525748X","rdau:P60050","http://rdvocab.info/termList/RDAMediaType/1007"
"02525748X","rdf:type","http://purl.org/ontology/bibo/Book"
"02525748X","dct:issued","1643"
"02525748X","dct:title","Compendium Belli Germanici: Ab Anno 1617. Ad Annum 1643"
"025257501","@type","http://purl.org/dc/terms/BibliographicResource"
"025257501","@context","https://resources.swissbib.ch/bibliographicResource/context.jsonld"
"025257501","@id","http://data.swissbib.ch/bibliographicResource/025257501"
"025257501","rdfs:isDefinedBy","http://data.swissbib.ch/bibliographicResource/025257501/about"
"025257501","dct:language","http://lexvo.org/id/iso639-3/eng"
"025257501","rdau:P60163","http://sws.geonames.org/6251999/"
"025257501","dct:contributor","http://data.swissbib.ch/person/cd43ca96-ebf5-3f8c-b374-1348fdd3d565"
"025257501","rdau:P60339","by Richard C. Baker"
"025257501","dc:format","1 Partitur"
"025257501","dct:bibliographicCitation","Harris sacred choral series"
"025257501","rdau:P60049","http://rdvocab.info/termList/RDAContentType/1010"
"025257501","rdau:P60050","http://rdvocab.info/termList/RDAMediaType/1007"
"025257501","dct:issued","1979"
"025257501","dct:title","I will praise thee, o Lord"
"025257552","@type","http://purl.org/dc/terms/BibliographicResource"
"025257552","@context","https://resources.swissbib.ch/bibliographicResource/context.jsonld"
"025257552","@id","http://data.swissbib.ch/bibliographicResource/025257552"
"025257552","rdfs:isDefinedBy","http://data.swissbib.ch/bibliographicResource/025257552/about"
"025257552","dct:language","http://lexvo.org/id/iso639-3/zxx"
"025257552","rdau:P60163","http://sws.geonames.org/719819/"
"025257552","dct:contributor","http://data.swissbib.ch/person/8e96585b-1ce4-36de-a4d1-027cd3849754"
"025257552","rdau:P60339","Giovanni Battista Gambaro ; a cura di György Balassa"
"025257552","dc:format","4 Stimmen"
"025257552","dct:contributor","http://data.swissbib.ch/person/d4bdef85-cb89-38f2-a8eb-fc44b20d768f"
"025257552","rdau:P60049","http://rdvocab.info/termList/RDAContentType/1010"
"025257552","rdau:P60050","http://rdvocab.info/termList/RDAMediaType/1007"
"025257552","dct:issued","1972"
"025257552","dct:title","III. Quartetto in sol maggiore per flauto, clarinetto, corno e fagotto"
"025257579","@type","http://purl.org/dc/terms/BibliographicResource"
"025257579","@context","https://resources.swissbib.ch/bibliographicResource/context.jsonld"
"025257579","@id","http://data.swissbib.ch/bibliographicResource/025257579"
"025257579","rdfs:isDefinedBy","http://data.swissbib.ch/bibliographicResource/025257579/about"
"025257579","dct:language","http://lexvo.org/id/iso639-3/eng"
"025257579","rdau:P60163","http://sws.geonames.org/2635167/"
"025257579","bibo:isbn13","9780193504530"
"025257579","bibo:isbn10","0193504537"
"025257579","dct:contributor","http://data.swissbib.ch/person/c0e37f67-2376-3fc9-8441-0290a2998596"
"025257579","rdau:P60339","Jonathan Willcocks"
"025257579","dc:format","1 Partitur"
"025257579","dct:bibliographicCitation","Oxford anthems"
"025257579","rdau:P60049","http://rdvocab.info/termList/RDAContentType/1010"
"025257579","rdau:P60050","http://rdvocab.info/termList/RDAMediaType/1007"
"025257579","dct:issued","1991"
"025257579","dct:title","O be joyful in the Lord : Psalm 100"
"025257595","@type","http://purl.org/dc/terms/BibliographicResource"
"025257595","@context","https://resources.swissbib.ch/bibliographicResource/context.jsonld"
"025257595","@id","http://data.swissbib.ch/bibliographicResource/025257595"
"025257595","rdfs:isDefinedBy","http://data.swissbib.ch/bibliographicResource/025257595/about"
"025257595","dct:language","http://lexvo.org/id/iso639-3/deu"
"025257595","rdau:P60163","http://sws.geonames.org/2658434/"
"025257595","dct:contributor","http://data.swissbib.ch/person/2b1ce268-86f1-3c72-89ce-39219eccf009"
"025257595","rdau:P60339","J.B. Hilber"
"025257595","dc:format","1 Partitur"
"025257595","rdau:P60470","Kopie des Manuskripts"
"025257595","rdau:P60049","http://rdvocab.info/termList/RDAContentType/1010"
"025257595","rdau:P60050","http://rdvocab.info/termList/RDAMediaType/1007"
"025257595","dct:issued","1900-1999"
"025257595","dct:title","Sängerspruch"
"025257633","@type","http://purl.org/dc/terms/BibliographicResource"
"025257633","@context","https://resources.swissbib.ch/bibliographicResource/context.jsonld"
"025257633","@id","http://data.swissbib.ch/bibliographicResource/025257633"
"025257633","rdfs:isDefinedBy","http://data.swissbib.ch/bibliographicResource/025257633/about"
"025257633","dct:language","http://lexvo.org/id/iso639-3/eng"
"025257633","rdau:P60163","http://sws.geonames.org/2077456/"
"025257633","dct:contributor","http://data.swissbib.ch/person/803034e5-d4b8-3d46-86ab-59308db18113"
"025257633","rdau:P60339","by Charles Barrett"
"025257633","dc:format","239 S : Ill ; 19 cm"
"025257633","rdau:P60049","http://rdvocab.info/termList/RDAContentType/1020"
"025257633","rdau:P60050","http://rdvocab.info/termList/RDAMediaType/1007"
"025257633","rdf:type","http://purl.org/ontology/bibo/Book"
"025257633","dct:issued","1945"
"025257633","dct:title","Australian bird life"
"02525765X","@type","http://purl.org/dc/terms/BibliographicResource"
"02525765X","@context","https://resources.swissbib.ch/bibliographicResource/context.jsonld"
"02525765X","@id","http://data.swissbib.ch/bibliographicResource/02525765X"
"02525765X","rdfs:isDefinedBy","http://data.swissbib.ch/bibliographicResource/02525765X/about"
"02525765X","dct:language","http://lexvo.org/id/iso639-3/deu"
"02525765X","rdau:P60163","http://sws.geonames.org/2921044/"
"02525765X","bibo:isbn13","9783799502122"
"02525765X","bibo:isbn10","3799502122"
"02525765X","bibo:isbn13","9783799502139"
"02525765X","bibo:isbn10","3799502130"
"02525765X","rdau:P60339","hrsg. von Volker Himmelein"
"02525765X","dc:format","464 S : Ill ; 26 cm"
"02525765X","dct:bibliographicCitation","Alte Klöster - neue Herren ; Bd. 1. "
"02525765X","rdau:P60470",""Grosse Landesausstellung Baden-Württemberg 2003 in Bad Schussenried vom 12. April bis 5. Oktober 2003""
"02525765X","rdau:P60049","http://rdvocab.info/termList/RDAContentType/1020"
"02525765X","rdau:P60050","http://rdvocab.info/termList/RDAMediaType/1007"
"02525765X","rdf:type","http://purl.org/ontology/bibo/Book"
"02525765X","dct:issued","2003"
"02525765X","dct:title","Ausstellungskatalog"
